{"acc": 0.8053984560108239, "loss": 0.13258735883762002, "_timestamp": 1721804793.5368066, "_runtime": 17.0014865398407, "_step": 7, "_wandb": {"runtime": 11}}